<?xml version="1.0" encoding="UTF-8"?>
<project-private xmlns="http://www.netbeans.org/ns/project-private/1">
    <editor-bookmarks xmlns="http://www.netbeans.org/ns/editor-bookmarks/2" lastBookmarkId="0"/>
    <open-files xmlns="http://www.netbeans.org/ns/projectui-open-files/2">
        <group>
            <file>file:/C:/Users/mrthi/Desktop/Minhas%20coisas/Estudo/Senac/PI%202%20-%20uc15%20-%20SM/Trabalho%202/ProjetoTestesPI/src/service/TransacaoService.java</file>
            <file>file:/C:/Users/mrthi/Desktop/Minhas%20coisas/Estudo/Senac/PI%202%20-%20uc15%20-%20SM/Trabalho%202/ProjetoTestesPI/test/test/TransacaoServiceTest.java</file>
        </group>
    </open-files>
</project-private>
